<?xml version="1.0" encoding="UTF-8"?>
<project-private xmlns="http://www.netbeans.org/ns/project-private/1">
    <editor-bookmarks xmlns="http://www.netbeans.org/ns/editor-bookmarks/2" lastBookmarkId="0"/>
    <open-files xmlns="http://www.netbeans.org/ns/projectui-open-files/2">
        <group>
            <file>file:/G:/Session%205/Prog%20III/solution/Laboratoire/src/laboratoire/Communication.java</file>
            <file>file:/G:/Session%205/Prog%20III/solution/Laboratoire/src/laboratoire/Repertoire.java</file>
            <file>file:/G:/Session%205/Prog%20III/solution/Laboratoire/src/laboratoire/Temp.java</file>
            <file>file:/G:/Session%205/Prog%20III/solution/Laboratoire/src/laboratoire/Ajouter.java</file>
            <file>file:/G:/Session%205/Prog%20III/solution/Laboratoire/src/laboratoire/Laboratoire.java</file>
        </group>
    </open-files>
</project-private>
